天气,weather
曝光,baoguang,health
银行,bank,money,finance
记忆,hist,photo
天下,world
房产博客,lm,blog,house
图片搜索,search
意甲,seriea,g,sport
重磅策划,all,z,history
黑龙江,hlj
水煮娱,zl,ent
景点推荐,travel,quanbu-remen
看见,wit
展览,roll.collection,collection,zlxx,index.shtml
软件下载,tech,down
试车,1,auto,review,shendushiche
保健,healthcare
国内,china
房贷计算,bj.house,bxjsq
高清图,hdphoto,slide.history,slide.photo
拍卖,collection,auction
保险,insurance,money
新史记,zl
出国留学,a,edu
线下活动,baby,z,yangyuyoudao
赛事活动,act
浙江,zj
演出订票,index.php,data.ent,show
旅游攻略,gonglue
风尚标,zl,fashion
娱乐
戏剧,xiju
家电,elec
SUV,suv,data.auto
院校库,college
直播,match.sport,livecast
高考,gaokao
工具,tools
影视打分,dafen.ent
化妆品库,cosmetics
高尔夫,golf
资料库,index.html
手机,mobile
房产,house
车型大全
新闻,news
国际足球,global
历史名家,zl,zuozhe
高清图库,photo
历史论坛,bbs
主题旅游,zhuti
机票查询,air
重庆,cq
笔记本,notebook
租房,zufang
全球新网游,game,newgame
影讯,yingxun.ent
调查,survey.
史海钩沉,news,29.shtml,list
专栏,zl,zhuanlan
爱生活,zl
品图,zl
公开课,open
降价,sales
药品库,drug.health
军事,mil.
时尚大片,photo
江苏,jiangsu
港股,hkstock,stock
文化,culture,fo
疾病库,disease,ku
星座,astro
酒店预订,hotel
评论,opinion
口述,qg,koushu,eladie
新闻搜索
四川,sc
邮票,collection,index.shtml,zwyp
微游戏,app,wan.weibo.com
教育
底色,beauty
高清图集,slide.collection
滚动新闻,news.auto
考研,kaoyan
摄影师,photog
美图集,photo
专家问答,ask.baby
新房,data.house,kaipan
汽车
心理测试,test
深度报道,report
血型个性,blod
妈妈常见病,jk,mmcjjb,default,babyhnelist,roll.baby,index.shtml
4G,4g,t
五年十年,anniv
新闻猜图,tukao,gtest
自然,nature
早教,zaojiao
信托,trust
数码,digi
育婴课堂,tv
英超,g,premierleague
上海,sh
吉林,jl
我的旅行,lvxingjia
娱乐快报,bn,entreport
宝宝常见病,jk,bbcjjb,default,babyhnelist,index.shtml
玩玩平台,wanwan
图解,photo.auto,roll.,index.shtml,tujie,chart
品图专栏,zl
音乐,music,yue
塔罗占卜,taluo
业主论坛,bbs.house
互联网,internet
硅谷新视野,startup
导购,guide
经销商,dealer.auto,dealer
美女图集,photo
消费,consume
电商,www.leju.com
手机乐居,3g.leju.com
科技
电视节目,tvguide.ent
星座爱情,feeling
育儿
学佛心路,xuefo
网游排行榜,top
红木,hmjj
商学院,bschool
河北,hebei
浪游记,techtravels,mobile
发现之旅,quanbu-faxian
海南,hainan
时尚博客,blog
电影,film
意见领袖,zl
智能家居,smart
游戏
自选股,portfolio,vip.stock.finance,main.php
美股,usstock,stock
中国书画,collection,zgsh,index.shtml
网球,tennis
体育花絮,gossip
创事记,zl
网上挂号,guahao.health.sina.com
评论分析,plfx,collection,index.shtml
日娱,jp
旅行家,lvxingjia
国际,world
时尚
闽南,mn
观察家,zl
广西,gx
棋牌,chess
微博社区,weibo.baby
专题,zt,z
论坛,bbs,club.baby
IT业界,it
运势大全,luck
中超,csl
排行,hotnews
情感,feel
股票,stock
健康
资讯,news,roll.photo,index.shtml
单机电竞,pc
报价,price
产经,chanjing
图片,vi.travel
滚动,roll.tech,s,channel.php
看房团,scan,kft
河南,henan
NBA,nba
江西,jx
名博客,blogindex,z
彩票,lottery
中小学,zxx
天津,tj
基金,fund
苹果汇,apple
高僧,master
女性
旅游
艺术名家,index.shtml,ysmjrw
山西,shanxi
历史
入门,intro
作者名录,author
用车,service
宝宝养育,baobao
合作媒体,media
解梦,dream,z
债券,bond
大典,z,SinaPhotoAwards
试用中心,try
电视,tv
电信,tele
乐居新闻网,news.leju.com
家居,jiaju
福建,fj
相机,digital
无锡,wx
八卦,news,gossip
热门专题,zzn
欧冠,championsleague,g
收藏
移动端,autogallery,iphone
寺院导航,temple
手机游戏,m
问健康,Aesculapiuswb,z
文化博客,lm,history
全站图库
图库
车致,um.auto
安徽,ah
钱币,qbtd,collection,index.shtml
佛学
F1赛车,f1
平板,pad
微博,sinahealth,t.house,weibo.com,lady.weibo.com
车模,model.auto
新闻视频,news,video
影廊,gallery
准妈孕产,yunchan
辽宁,ln
广东,gd
公务员,official
移民,yimin
韩娱,korea
传媒,media
中考,zhongkao
航空,sky.
西甲,g,laliga
博客,lm,baby,health,ent,collection,eladies,blog,blog.baby,finance
新观察,plannings,index.shtml
时装,style
体育视频,bn
秀场T台,show
美体,body
占星命盘,pc,zodiac.html
宁波,nb
湖北,hb
拼图,excl
旅游景点,lvyou
社会,society
视频,video,bn
外语,foreign
大连,dl
黄金,nmetal
藏趣,cqyw,collection,index.shtml
四六级,cet
股吧,guba
国际学校,ischool
趣图,d,photo
婚嫁,wedding
悦读汇,zl,book
美术馆,gallery.collection
命理查询,pc,tools
新手卡,ka
素食,veg
名医堂,videolist,mingyitang
户外,outdoor
社区,club.tech
新游尾行,ng,weixing
体育
综合体育,others
新车,newcar
山东,sd
中国足球,china
竞技场,zl
CBA,cba
美女直播,kan
疾病,disease
探索,discovery
湖南,hunan
生命灵数,numberology,z
理财,money
二手房,esf
藏品市场,cpsc,collection,index.shtml
陕西,sx
明星,star
会议,meeting
IT博客,tech,lm
文化频道,cul.history
搜医生,hospitalize.news.sina.com
试用,tryout_new.php,product.baby
美容,beauty
期货,futuremarket
翡翠玉石,fcys,collection,index.shtml
行情,mkt
尚品,luxury
家居图库,16.jiaju.com
少儿英语,kids
资助,033632.shtml,2013-11-12,photo
佛教经典,classics
外汇,forex
星座社区,bbs
新浪棋牌,qipai
时尚话题,vogue
财经
图片库,photo
城市,city
